Electropolish,Clean,Anodize,Bright Nickel,Chromate Conversion,Electroless Nickel,Passivation,Tin Plating,Zinc Plating,Zinc Nickel Plate,Phosphate,Silver Plating,Copper Plating,Nickel Plating,Gold Plating,Dry Film Lube,Oxygen Cleaning,Penetrant Inspection
PRC-5009,BPS 4138,AMS 2469 ,AMS-QQ-N-290,AMS 2473,AMS 2404,AMS 2700,AMS-P-81728,QQ-Z-325,BAC 5680,MIL-DTL-16232,AMS 2411,AMS 2418,AMS 2424,ASTM B 488,MIL-PRF-16010,CGA G-4.1,GT23A
ASTM B912,MDP9-5,AMS 2471,AMS-2423,AMS-C-5541,AMS 2405,AMS-QQ-P-35,MIL-P-81728,ASTM B 633,AMS 2417,,AMS 2410, MIL-C-14550,AMS 2403,MIL-DTL-45204,,ASTM G93,ASTM E1417
SEMI F17,ACS-PRS-2203 ,AMS 2472,AMS-2403 ,ASTM B 449,AMS-C-26074,ASTM A 380,ASTM-B-545,,BAC 5637,,AMS 2412,ASTM B 734,AMS-QQ-N-290,AMS 2422,,,STP53-201/LCP72-1068
SEMI F19,0250-09720,AMS-C-5541,PRC-5004,BAC 5719,ASTM B 733,ASTM A 967,MIL-T-10727,,ASTM B841,,ASTM B 700,,FED-QQ-N-290,,,,MDP6-13
ASME BPE,0250-20000,ASTM B 449,ASTM B 689,BPS 4182,MIL-C-26074,ASTM B 600,,,,,QQ-S-365,,ASTM B 733,,,,BPS 4089
,0250-29357,ASTM B 580,,HP4-57,PRC-5007 (NASA),ASTM B912,,,,,,,,,,,NDTS-1101
,0250-31176,BAC 5632,,MDP4-57,,ASTM F86,,,,,,,,,,,LMA-PC201
,0250-70351,BPS 4555,,MIL-C-5541,,BPS 4007,,,,,,,,,,,BAC 5423
,0250-30100,HP4-2,,MIL-C-81706,,FED-QQ-P-35,,,,,,,,,,,ACS-PRS-7005
,,MDP4-2,,MIL-DTL-14072,,MDP4-8,,,,,,,,,,,GP17G
,,MIL-A-8625,,MIL-DTL-5541,,MIL-S-5002,,,,,,,,,,,HP6-13
,,MIL-C-5541,,MIL-DTL-81706,,SS8435,,,,,,,,,,,NE07-001
,,NE40-016,,MIL-F-14072,,,,,,,,,,,,,MIL-STD-6866
,,PRC-5005,,NE40-0026,,,,,,,,,,,,,BSS 7039
,,PRC-5006,,PRC-5005,,,,,,,,,,,,,
,,STP58-208,,STP58-405,,,,,,,,,,,,,
